1,나만의 겨울왕국을 찾아서! 푸른하늘 은하수.zip,전국,#은하수여행#테마여행#푸른하늘은하수.zip#의령한우산#안반데기#평창청옥산#합천대암산#고성상족암군립공원#인천굴업도#부안솔섬#영양반딧불이천문대#충주미륵대원지#겨울여행#겨울여행지추천#겨울여행지#1월가볼만한곳
2,태화강 국가정원 십리대숲 (은하수길),울산 중구,#산책코스#산책하기좋은곳#연인과함께#데이트장소추천#태화강십리대숲#은하수길#사진찍기좋은곳#SNS감성사진#사진촬영명소#자연환경#자연좋은곳#레포츠#국가정원#태화강국가정원#야경#야경여행#울산야경#infp핫플여행
3,성북동한옥은하수,서울 성북구,#숙박#서울숙소
4,미리내마술극단 은하수홀,경기도 수원시,#이색체험#아이와함께#창작공연#공연장#공연여행#마술공연#공연관람#남녀노소#아이가_좋아하는_여행#가족과함께#실내데이트#실내관광지#열린문화공간#복합문화공간#문화시설
5,나랑 별 보러 갈래? 강원도 별보기 명소!,강원도,#안반데기#강릉안반데기#문치재#별마로천문대#동강자연휴양림#육백마지기#조경철천문대#천문대#매봉산바람의언덕#매봉산#별보기좋은곳#강릉가볼만한곳#정선가볼만한곳#영월가볼만한곳#평창가볼만한곳#화천가볼만한곳#태백가볼만한곳
6,"썸 타는 우리 '오늘부터 1일', 울산 태화강",울산,#울산#울산가볼만한곳#태화강#태화강십리대숲#태화강동굴피아#데이트코스#인생샷#포토존#공공누리#울산_데이트코스#프사_백만장_인생샷#밤도깨비여행#국내신혼여행지_어디?#인생샷_핫플레이스#SNS속_인생샷명소#인스타감성여행지#인스타_핫플레이스#태화강국가정원
7,"임꺽정이 호령하던 한탄강의 비경, 철원 고석정",강원도 철원군,#2014년6월추천가볼만한곳
8,여름을 향해 정조준! 더운 날씨를 한 방에 날려버릴 랜선 청도 여행 코스,경상북도 청도군,#청도여행#청도가볼만한곳#랜선여행#청도레일바이크#레일바이크#청도와인터널#신화랑풍류마을#국궁체험#청도읍성#청도프로방스
9,태화강 국가정원,울산,#2019#한국관광의별#울산#태화강국가정원#국가정원#울산여행#생태여행#열린관광지#십리대숲#은하수길#생태관광지#한국관광100선#무장애여행#나룻배체험#철새도래지#가족여행#데이트코스#죽림욕#도시재생#정원여행#환경운동#야경명소#걷기좋은길#수상내역#2019수상내역
10,"빛터널 지나 비밀의정원으로, 단양 수양개빛터널",충청북도 단양군,#공공누리#8월추천가볼만한곳#2019년8월추천가볼만한곳#추천가볼만한곳#시원한동굴여행#단양여행#단양가볼만한곳
